{
  "project_info": {
    "project_number": "YOUR_PROJECT_NUMBER",
    "project_id": "your-firebase-project-id",
    "storage_bucket": "your-firebase-project-id.appspot.com"
  },
  "client": [
    {
      "client_info": {
        "mobilesdk_app_id": "1:YOUR_PROJECT_NUMBER:android:YOUR_APP_ID",
        "android_client_info": {
          "package_name": "com.example.separatecontacts"
        }
      },
      "oauth_client": [
        {
          "client_id": "YOUR_CLIENT_ID.apps.googleusercontent.com",
          "client_type": 3
        }
      ],
      "api_key": [
        {
          "current_key": "YOUR_API_KEY"
        }
      ],
      "services": {
        "appinvite_service": {
          "other_platform_oauth_client": [
            {
              "client_id": "YOUR_CLIENT_ID.apps.googleusercontent.com",
              "client_type": 3
            }
          ]
        }
      }
    }
  ],
  "configuration_version": "1"
}

